u33695	bo1112
u156985	bo1112
u60370	bo1725
u77988	bo1725
u31746	bo3183
u132172	bo3345
u176674	bo2004
u106640	bo2950
u150932	bo3184
u136777	bo3184
u36853	bo3797
u16449	bo4237
u75764	bo4237
u61873	bo710
u63553	bo710
u37031	bo710
u29725	bo710
u19784	bo710
u127050	bo1114
u18815	bo1114
u169979	bo1114
u97981	bo1114
u56471	bo2618
u50783	bo2618
u128183	bo829
u35772	bo3843
u96305	bo550
u103545	bo550
u101519	bo550
u125810	bo550
u102461	bo550
u55041	bo550
u20005	bo550
u40662	bo550
u37493	bo550
u154869	bo550
u72076	bo668
u95105	bo712
u134025	bo712
u1383	bo712
u37493	bo712
u59108	bo712
u57436	bo100
u131711	bo100
u17192	bo100
u171777	bo100
u44464	bo100
u62524	bo100
u129065	bo100
u172788	bo100
u20616	bo100
u21493	bo100
u25909	bo100
u86287	bo100
u123582	bo100
u162389	bo100
u49761	bo100
u174859	bo100
u175325	bo100
u148711	bo100
u124182	bo100
u180393	bo100
u159155	bo100
u1359	bo100
u76747	bo100
u76516	bo100
u117612	bo100
u99498	bo100
u137657	bo100
u177530	bo100
u75573	bo100
u7053	bo100
u42608	bo100
u145479	bo100
u108315	bo100
u155156	bo2007
u82348	bo2007
u84774	bo218
u156680	bo218
u126646	bo218
u132865	bo218
u113544	bo218
u31959	bo218
u93552	bo218
u162573	bo218
u49761	bo218
u140086	bo218
u12591	bo218
u180866	bo218
u40331	bo218
u159155	bo218
u1132	bo218
u151367	bo218
u76599	bo218
u97924	bo218
u74050	bo218
u58186	bo218
u158631	bo3682
u59880	bo4078
u88999	bo669
u155968	bo713
u61630	bo713
u176610	bo713
u130111	bo713
u139096	bo713
u57123	bo101
u84512	bo101
u84397	bo101
u18328	bo101
u39860	bo101
u96802	bo101
u126757	bo101
u95105	bo101
u120939	bo101
u158580	bo101
u172138	bo101
u55041	bo101
u46249	bo101
u46573	bo101
u110739	bo101
u79059	bo101
u13755	bo101
u123268	bo101
u41282	bo101
u118954	bo101
u150745	bo101
u52114	bo101
u118194	bo101
u118152	bo101
u76544	bo101
u37031	bo101
u101318	bo101
u75700	bo101
u75201	bo101
u59650	bo101
u98329	bo101
u34217	bo101
u42949	bo101
u66289	bo101
u108108	bo101
u46573	bo1612
u176206	bo1612
u113999	bo2008
u96802	bo219
u44386	bo219
u143725	bo219
u23029	bo219
u175437	bo219
u1145	bo219
u159979	bo219
u177530	bo219
u122635	bo219
u15825	bo3232
u152717	bo4123
u158349	bo1000
u58009	bo1000
u70283	bo1613
u52276	bo2009
u26940	bo2180
u34175	bo2955
u114589	bo391
u23300	bo391
u166541	bo391
u173169	bo391
u93386	bo391
u135894	bo391
u65762	bo391
u99762	bo391
u35682	bo391
u167969	bo1001
u177530	bo1001
u127734	bo103
u144200	bo103
u126410	bo103
u628	bo103
u141324	bo103
u15139	bo103
u9111	bo103
u147205	bo103
u160838	bo103
u28848	bo1290
u126881	bo2181
u67385	bo2181
u68896	bo392
u158349	bo392
u180705	bo392
u64127	bo392
u167266	bo4576
u25909	bo4576
u33259	bo554
u45572	bo554
u18815	bo554
u166151	bo554
u133786	bo554
u31746	bo554
u41239	bo554
u9513	bo554
u177737	bo554
u33998	bo66
u33370	bo66
u84397	bo66
u131408	bo66
u168242	bo66
u18992	bo66
u28525	bo66
u102106	bo66
u70861	bo66
u16808	bo66
u141017	bo66
u21011	bo66
u164943	bo66
u123142	bo66
u119340	bo66
u89392	bo66
u136912	bo66
u150745	bo66
u136694	bo66
u1383	bo66
u164607	bo66
u160104	bo66
u99498	bo66
u146876	bo66
u90489	bo66
u101106	bo66
u34335	bo66
u58009	bo66
u97981	bo66
u104090	bo716
u40483	bo716
u75782	bo1002
u42109	bo1002
u169244	bo1002
u27576	bo104
u72935	bo104
u69807	bo104
u168062	bo104
u156680	bo104
u179890	bo104
u56317	bo104
u44408	bo104
u23977	bo104
u158912	bo104
u158868	bo104
u158814	bo104
u105749	bo104
u141017	bo104
u123608	bo104
u140478	bo104
u136912	bo104
u99898	bo104
u51112	bo104
u67707	bo104
u116781	bo104
u162026	bo104
u19201	bo104
u73293	bo393
u18617	bo393
u56867	bo393
u24344	bo393
u173594	bo393
u21051	bo393
u163375	bo393
u163337	bo393
u101318	bo393
u49709	bo4577
u5028	bo1003
u163786	bo1003
u147889	bo1003
u151211	bo1003
u96246	bo105
u33370	bo105
u45712	bo105
u83760	bo105
u68982	bo105
u120939	bo105
u113636	bo105
u166541	bo105
u172760	bo105
u142436	bo105
u181701	bo105
u38880	bo105
u152288	bo105
u150922	bo105
u147889	bo105
u159116	bo105
u64461	bo105
u99444	bo105
u51194	bo105
u82804	bo105
u10404	bo105
u34358	bo105
u66084	bo105
u74473	bo105
u97838	bo105
u137437	bo1616
u96436	bo556
u171658	bo556
u70861	bo556
u576	bo556
u177530	bo556
u39184	bo106
u115265	bo106
u72442	bo106
u95148	bo106
u2293	bo106
u104817	bo106
u107616	bo106
u140444	bo106
u107121	bo106
u180580	bo106
u64481	bo106
u109841	bo106
u57019	bo1293
u44612	bo1293
u45963	bo1455
u170154	bo1950
u114259	bo2959
u126450	bo2959
u97838	bo2959
u96646	bo395
u18107	bo395
u23029	bo395
u16580	bo395
u46131	bo395
u41186	bo395
u49709	bo395
u76595	bo395
u91923	bo395
u58904	bo4579
u39184	bo557
u45572	bo557
u114552	bo557
u175343	bo557
u72935	bo719
u156083	bo719
u68228	bo719
u167406	bo719
u126524	bo719
u23977	bo719
u128183	bo719
u21493	bo719
u77797	bo719
u1359	bo719
u166826	bo890
u112934	bo890
u8310	bo890
u146876	bo890
u51112	bo890
u66567	bo890
u72076	bo1500
u65247	bo1500
u177476	bo1618
u72332	bo3120
u82010	bo4129
u44464	bo1006
u156270	bo108
u115135	bo108
u39606	bo108
u126881	bo108
u167486	bo108
u113971	bo108
u120777	bo108
u172007	bo108
u62478	bo108
u62304	bo108
u55729	bo108
u31642	bo108
u150191	bo108
u79612	bo108
u46677	bo108
u162599	bo108
u148762	bo108
u159155	bo108
u88610	bo108
u43501	bo108
u108809	bo108
u7158	bo108
u103653	bo1295
u82010	bo1790
u57854	bo1952
u142258	bo1952
u131425	bo2186
u30323	bo2186
u153047	bo2799
u6328	bo2843
u115927	bo397
u140735	bo397
u38881	bo397
u137664	bo397
u34473	bo397
u167999	bo441
u40479	bo441
u33749	bo109
u33259	bo109
u84352	bo109
u39949	bo109
u18617	bo109
u114259	bo109
u179392	bo109
u171658	bo109
u167969	bo109
u17899	bo109
u134594	bo109
u21051	bo109
u25758	bo109
u110108	bo109
u135182	bo109
u106497	bo109
u36853	bo109
u150745	bo109
u136694	bo109
u176734	bo109
u76544	bo109
u8098	bo109
u183746	bo109
u146504	bo109
u59773	bo109
u100030	bo109
u73779	bo2231
u143583	bo3078
u158698	bo3078
u149262	bo3078
u98076	bo3078
u151238	bo3573
u154943	bo3573
u178105	bo3573
u19510	bo893
u88574	bo1297
u1359	bo1503
u29516	bo1503
u8310	bo1503
u33898	bo281
u126215	bo281
u88722	bo281
u64487	bo281
u177737	bo281
u34175	bo281
u9513	bo3079
u29516	bo3079
u167406	bo3736
u47620	bo1342
u75839	bo2684
u109249	bo2846
u114458	bo606
u171665	bo606
u89392	bo606
u96640	bo2072
u133702	bo2072
u18107	bo283
u115033	bo283
u18992	bo283
u32321	bo283
u143071	bo283
u113999	bo283
u24344	bo283
u135182	bo283
u80074	bo283
u89958	bo283
u52939	bo283
u121511	bo283
u177121	bo283
u75406	bo283
u34537	bo283
u108315	bo3738
u126757	bo2235
u82867	bo3577
u152727	bo3621
u73283	bo4350
u102988	bo608
u158525	bo608
u25404	bo608
u66444	bo608
u115645	bo285
u102857	bo285
u166065	bo285
u112706	bo285
u85336	bo285
u92902	bo285
u76595	bo285
u154869	bo285
u19362	bo285
u39606	bo447
u42239	bo447
u127694	bo609
u5692	bo609
u21289	bo609
u107647	bo609
u63246	bo780
u47334	bo898
u65602	bo942
u150745	bo942
u88722	bo1841
u51630	bo1841
u84352	bo286
u170314	bo286
u45776	bo286
u95377	bo286
u56867	bo286
u3825	bo286
u46573	bo286
u43495	bo286
u170099	bo330
u158349	bo899
u78831	bo899
u46131	bo899
u112200	bo1347
u180909	bo1347
u84512	bo2238
u7659	bo2238
u82667	bo2238
u86797	bo2571
u52276	bo2733
u69394	bo287
u155876	bo287
u166826	bo287
u55008	bo287
u112258	bo287
u162442	bo287
u80854	bo287
u38788	bo287
u107121	bo287
u119003	bo287
u64335	bo287
u151048	bo287
u10404	bo287
u81866	bo287
u97637	bo287
u127111	bo331
u157741	bo331
u49761	bo331
u80854	bo331
u181162	bo331
u175343	bo331
u38540	bo331
u147203	bo331
u65704	bo3624
u71537	bo4191
u158912	bo1230
u157975	bo1230
u64006	bo1230
u169217	bo1230
u172788	bo1799
u46315	bo1799
u25909	bo1799
u50395	bo1799
u57555	bo332
u127617	bo332
u101891	bo332
u94626	bo332
u79705	bo332
u86160	bo332
u174859	bo332
u29725	bo332
u99498	bo332
u138315	bo332
u51630	bo332
u109990	bo332
u97415	bo332
u146719	bo3625
u104909	bo4354
u113550	bo783
u40333	bo783
u147180	bo783
u38146	bo945
u43495	bo945
u69823	bo1187
u102265	bo1349
u158631	bo1349
u55729	bo1349
u35523	bo1349
u67037	bo1349
u36245	bo4517
u24284	bo784
u124208	bo784
u160751	bo784
u109249	bo784
u166108	bo946
u138636	bo946
u28525	bo1070
u166151	bo1070
u97838	bo1070
u80193	bo1188
u93950	bo1232
u23903	bo172
u55462	bo172
u2137	bo172
u36853	bo172
u76289	bo172
u41239	bo1845
u114589	bo2123
u148711	bo2123
u65704	bo785
u172044	bo1684
u62524	bo786
u61873	bo786
u41282	bo786
u76607	bo786
u55008	bo174
u172788	bo174
u79644	bo174
u65417	bo174
u36902	bo174
u9832	bo174
u35208	bo174
u75573	bo174
u5190	bo1847
u127617	bo2576
u57685	bo4196
u29701	bo4358
u8098	bo4358
u66444	bo4358
u87387	bo1235
u118194	bo1686
u96640	bo1848
u5692	bo1848
u102036	bo1848
u148041	bo1848
u138315	bo1848
u126246	bo2577
u170672	bo3017
u176206	bo3017
u37561	bo3017
u73283	bo670
u24952	bo670
u76544	bo670
u99762	bo670
u59650	bo670
u108108	bo670
u33855	bo788
u7131	bo788
u42771	bo788
u45498	bo832
u158157	bo832
u140444	bo832
u65704	bo832
u148855	bo832
u179392	bo220
u110494	bo220
u140478	bo220
u38146	bo220
u97973	bo220
u122665	bo2578
u179392	bo3964
u109357	bo3964
u114033	bo789
u94095	bo789
u138315	bo789
u59387	bo789
u23977	bo2010
u129065	bo2461
u181437	bo2461
u175325	bo2461
u157697	bo672
u124069	bo672
u150799	bo1076
u19026	bo1076
u171137	bo1238
u14204	bo1238
u180866	bo1238
u122840	bo1238
u21224	bo1733
u170099	bo178
u18992	bo178
u126261	bo178
u120790	bo178
u166826	bo178
u172760	bo178
u63472	bo178
u93489	bo178
u111467	bo178
u110251	bo178
u80580	bo178
u63988	bo178
u88606	bo178
u151211	bo178
u88356	bo178
u43495	bo178
u84397	bo2462
u170672	bo2462
u67476	bo2462
u132999	bo2624
u119941	bo2624
u93314	bo4406
u15590	bo1239
u76544	bo1239
u125590	bo1572
u57515	bo223
u131224	bo223
u5442	bo223
u56317	bo223
u86613	bo223
u163045	bo223
u150824	bo223
u136514	bo223
u8341	bo223
u130874	bo223
u66362	bo223
u57555	bo3967
u150932	bo3967
u18163	bo674
u131623	bo674
u5342	bo674
u113190	bo674
u16026	bo674
u79059	bo674
u9513	bo674
u100030	bo674
u58438	bo674
u170682	bo675
u168957	bo675
u103589	bo675
u21967	bo675
u159533	bo675
u117414	bo675
u145818	bo675
u42109	bo675
u169404	bo675
u84352	bo837
u62469	bo837
u110518	bo837
u51179	bo837
u102265	bo1736
u21289	bo1736
u121303	bo2465
u57439	bo4247
u56811	bo4247
u33889	bo5
u156343	bo5
u33692	bo5
u115574	bo5
u96640	bo5
u18175	bo5
u33632	bo5
u84352	bo5
u84397	bo5
u102940	bo5
u45268	bo5
u57685	bo5
u72203	bo5
u57515	bo5
u57555	bo5
u170628	bo5
u45712	bo5
u72678	bo5
u144200	bo5
u131224	bo5
u156680	bo5
u68208	bo5
u17192	bo5
u68378	bo5
u83035	bo5
u95833	bo5
u101692	bo5
u126675	bo5
u132962	bo5
u60994	bo5
u23920	bo5
u68982	bo5
u120790	bo5
u120777	bo5
u17877	bo5
u113550	bo5
u17958	bo5
u120939	bo5
u852	bo5
u25507	bo5
u158814	bo5
u78468	bo5
u158154	bo5
u172559	bo5
u55178	bo5
u3271	bo5
u112768	bo5
u61873	bo5
u157035	bo5
u85583	bo5
u46249	bo5
u63606	bo5
u63709	bo5
u134422	bo5
u21547	bo5
u21493	bo5
u21289	bo5
u54605	bo5
u62755	bo5
u110220	bo5
u30713	bo5
u13828	bo5
u162599	bo5
u162573	bo5
u135132	bo5
u174859	bo5
u140444	bo5
u140738	bo5
u89877	bo5
u89869	bo5
u65276	bo5
u53527	bo5
u148041	bo5
u89362	bo5
u152529	bo5
u38173	bo5
u163045	bo5
u150943	bo5
u124409	bo5
u40918	bo5
u124500	bo5
u150358	bo5
u9096	bo5
u40331	bo5
u49160	bo5
u180169	bo5
u49502	bo5
u52506	bo5
u64335	bo5
u88590	bo5
u151211	bo5
u37561	bo5
u13092	bo5
u164414	bo5
u147180	bo5
u147239	bo5
u29367	bo5
u99232	bo5
u99498	bo5
u35854	bo5
u50946	bo5
u35969	bo5
u117765	bo5
u137336	bo5
u160699	bo5
u176997	bo5
u7795	bo5
u138112	bo5
u109249	bo5
u82752	bo5
u59387	bo5
u109944	bo5
u59746	bo5
u161061	bo5
u98454	bo5
u161416	bo5
u34339	bo5
u73371	bo5
u34710	bo5
u122631	bo5
u6193	bo5
u66289	bo5
u145282	bo5
u153237	bo5
u66429	bo5
u97981	bo5
u178327	bo5
u19510	bo5
u169620	bo5
u74093	bo5
u108315	bo5
u64060	bo676
u29516	bo1737
u153460	bo1737
u127050	bo3357
u40918	bo3401
u142258	bo3519
u168062	bo1125
u56080	bo1125
u63356	bo1125
u94207	bo2467
u113017	bo2629
u135889	bo2629
u72076	bo3240
u73283	bo3240
u77988	bo3240
u180169	bo3240
u76747	bo3240
u22001	bo722
u162785	bo722
u5442	bo1577
u88356	bo1621
u63988	bo2512
u101891	bo3241
u30001	bo3359
u106629	bo3359
u112258	bo3403
u49160	bo3692
u157697	bo4088
u101826	bo561
u91006	bo561
u64487	bo561
u60670	bo679
u55178	bo679
u119003	bo679
u97980	bo679
u33370	bo8
u170322	bo8
u45712	bo8
u127734	bo8
u72714	bo8
u114552	bo8
u68436	bo8
u114033	bo8
u102073	bo8
u60663	bo8
u17958	bo8
u113636	bo8
u158525	bo8
u628	bo8
u129220	bo8
u166541	bo8
u94368	bo8
u142436	bo8
u24611	bo8
u63553	bo8
u128860	bo8
u134684	bo8
u21547	bo8
u141324	bo8
u21902	bo8
u107954	bo8
u135735	bo8
u77899	bo8
u38788	bo8
u163045	bo8
u150922	bo8
u106936	bo8
u9111	bo8
u1992	bo8
u147205	bo8
u147203	bo8
u11878	bo8
u35682	bo8
u35854	bo8
u43912	bo8
u176997	bo8
u146741	bo8
u51112	bo8
u51194	bo8
u82804	bo8
u90489	bo8
u10404	bo8
u42608	bo8
u10923	bo8
u6300	bo8
u58009	bo8
u97818	bo8
u108001	bo8
u58186	bo8
u172788	bo1578
u111937	bo1578
u86287	bo3242
u102106	bo562
u158994	bo562
u73668	bo562
u165934	bo74
u110534	bo74
u118954	bo74
u88149	bo74
u45776	bo1010
u46131	bo1010
u49816	bo1010
u174477	bo1010
u65247	bo1010
u183746	bo1010
u139096	bo1010
u33851	bo112
u44907	bo112
u70090	bo112
u87848	bo112
u61873	bo112
u111776	bo112
u162636	bo112
u21011	bo2352
u61630	bo725
u175262	bo725
u12956	bo725
u59211	bo725
u78300	bo1129
u72714	bo3901
u33702	bo76
u33695	bo76
u115645	bo76
u69986	bo76
u22001	bo76
u171435	bo76
u70688	bo76
u55142	bo76
u157160	bo76
u104817	bo76
u1992	bo76
u137664	bo76
u138520	bo76
u75573	bo76
u34358	bo76
u153714	bo76
u178057	bo76
u19026	bo76
u134025	bo1012
u66444	bo1012
u62755	bo3245
u160699	bo3245
u139096	bo3407
u96305	bo565
u18475	bo565
u179826	bo565
u44950	bo565
u60519	bo565
u61743	bo565
u108059	bo565
u127050	bo115
u96553	bo115
u45776	bo115
u4422	bo115
u613	bo115
u166360	bo115
u104897	bo115
u104228	bo115
u38881	bo115
u88997	bo115
u121807	bo115
u67476	bo115
u59705	bo115
u73779	bo115
u156985	bo2355
u119746	bo2355
u122635	bo2355
u163786	bo3084
u144134	bo3697
u68228	bo610
u169612	bo610
u72076	bo2851
u180169	bo2851
u95377	bo3085
u115574	bo3409
u73779	bo3409
u124069	bo3742
u60370	bo3904
u136797	bo3904
u4922	bo567
u142436	bo567
u38285	bo567
u136975	bo567
u64444	bo567
u138296	bo567
u169979	bo567
u96305	bo611
u87728	bo611
u117416	bo611
u75059	bo611
u75573	bo611
u178020	bo611
u163786	bo729
u117416	bo729
u174895	bo1628
u175978	bo1628
u169689	bo1628
u158631	bo1961
u59493	bo2195
u158698	bo2519
u94095	bo2519
u47620	bo3130
u80193	bo3130
u115574	bo3248
u8341	bo4021
u96305	bo568
u44950	bo568
u20885	bo568
u20005	bo568
u154869	bo568
u178327	bo568
u64461	bo612
u82804	bo612
u131408	bo118
u95148	bo118
u179387	bo118
u101838	bo118
u125590	bo118
u158580	bo118
u31328	bo118
u55041	bo118
u61484	bo118
u87624	bo118
u165746	bo118
u54341	bo118
u110991	bo118
u82781	bo118
u177275	bo118
u42949	bo118
u66289	bo118
u74465	bo118
u70861	bo1511
u110529	bo1511
u60519	bo2240
u76747	bo2240
u122225	bo2358
u57854	bo3582
u72076	bo3744
u77988	bo3744
u136797	bo3744
u29934	bo3744
u79288	bo569
u51768	bo569
u39860	bo613
u16808	bo613
u156270	bo119
u56794	bo119
u56867	bo119
u93314	bo119
u157839	bo119
u14204	bo119
u92754	bo119
u148449	bo119
u14359	bo119
u88590	bo119
u117342	bo119
u137437	bo119
u121219	bo119
u56811	bo1350
u175978	bo1350
u136777	bo1350
u1701	bo1468
u134594	bo1963
u121511	bo1963
u84512	bo2692
u45498	bo290
u131224	bo290
u28872	bo290
u4583	bo290
u23920	bo290
u62514	bo290
u129220	bo290
u149504	bo290
u140444	bo290
u38879	bo290
u151312	bo290
u37475	bo290
u91923	bo290
u137611	bo290
u7659	bo290
u122840	bo290
u145771	bo290
u169612	bo290
u91580	bo3907
u163786	bo614
u159533	bo2198
u170769	bo3908
u24913	bo4024
u135944	bo615
u50864	bo615
u7158	bo615
u110366	bo1190
u139096	bo1190
u118374	bo1514
u31681	bo1965
u70283	bo2199
u145081	bo2199
u107484	bo2856
u154869	bo2856
u69394	bo292
u73293	bo292
u114589	bo292
u80580	bo292
u14207	bo292
u29367	bo292
u109249	bo292
u162785	bo3909
u75225	bo4025
u132172	bo4520
u96802	bo454
u26584	bo454
u21888	bo454
u113819	bo616
u179110	bo616
u39184	bo11
u84722	bo11
u33259	bo11
u170551	bo11
u18672	bo11
u114238	bo11
u68228	bo11
u68436	bo11
u83760	bo11
u102036	bo11
u44907	bo11
u56811	bo11
u60663	bo11
u120777	bo11
u113550	bo11
u120939	bo11
u70688	bo11
u628	bo11
u166541	bo11
u166151	bo11
u166108	bo11
u133702	bo11
u172760	bo11
u172625	bo11
u142436	bo11
u112956	bo11
u87728	bo11
u24611	bo11
u85336	bo11
u85713	bo11
u165376	bo11
u21693	bo11
u93950	bo11
u104817	bo11
u15139	bo11
u25993	bo11
u135735	bo11
u80854	bo11
u181701	bo11
u140478	bo11
u148368	bo11
u148711	bo11
u150932	bo11
u150922	bo11
u106497	bo11
u13173	bo11
u11878	bo11
u35854	bo11
u67385	bo11
u43912	bo11
u51194	bo11
u90489	bo11
u98454	bo11
u145479	bo11
u74473	bo11
u97818	bo11
u74050	bo11
u168134	bo1353
u613	bo1353
u178971	bo1353
u170099	bo2082
u72543	bo455
u87848	bo455
u4422	bo1192
u74755	bo1192
u58821	bo1967
u75059	bo2858
u170174	bo2902
u18617	bo294
u5190	bo294
u55462	bo294
u112756	bo294
u163378	bo294
u150745	bo294
u117694	bo294
u66591	bo294
u163045	bo3136
u96640	bo456
u166635	bo456
u8098	bo456
u34217	bo456
u142907	bo500
u110251	bo500
u150745	bo500
u52055	bo500
u35443	bo500
u100945	bo500
u7217	bo500
u122966	bo500
u17958	bo951
u112200	bo951
u29378	bo951
u39748	bo2246
u112768	bo3470
u6497	bo3470
u157160	bo457
u25758	bo457
u49188	bo457
u1743	bo457
u154431	bo457
u158994	bo501
u158994	bo790
u157160	bo790
u95	bo790
u63988	bo790
u137611	bo790
u59995	bo790
u71025	bo1194
u87387	bo1194
u59211	bo1194
u84512	bo14
u144930	bo14
u156985	bo14
u24177	bo14
u166360	bo14
u112956	bo14
u173594	bo14
u157697	bo14
u2694	bo14
u107954	bo14
u152346	bo14
u180204	bo14
u49502	bo14
u82865	bo14
u122840	bo14
u116606	bo14
u66995	bo14
u108108	bo14
u114343	bo1851
u86797	bo1851
u169612	bo1851
u140245	bo2247
u14105	bo2247
u160751	bo2247
u164943	bo2409
u140478	bo2409
u86613	bo2580
u33702	bo340
u133786	bo340
u105749	bo340
u75700	bo340
u101106	bo340
u57439	bo791
u156754	bo791
u112258	bo791
u82171	bo1357
u115946	bo15
u84722	bo15
u45623	bo15
u170769	bo15
u168386	bo15
u5442	bo15
u114033	bo15
u171665	bo15
u56794	bo15
u126410	bo15
u44386	bo15
u167999	bo15
u102467	bo15
u23920	bo15
u166541	bo15
u166104	bo15
u63709	bo15
u134594	bo15
u2694	bo15
u2137	bo15
u21289	bo15
u21967	bo15
u149431	bo15
u15053	bo15
u30946	bo15
u107185	bo15
u163045	bo15
u124124	bo15
u180719	bo15
u176734	bo15
u164607	bo15
u91580	bo15
u147203	bo15
u160429	bo15
u146876	bo15
u183746	bo15
u29096	bo15
u42648	bo15
u178971	bo15
u169297	bo15
u2694	bo1690
u192757	bo1852
u181215	bo1852
u155876	bo2699
u84540	bo341
u83760	bo341
u25432	bo341
u129964	bo341
u87473	bo341
u61321	bo341
u135889	bo341
u65417	bo341
u148449	bo341
u124093	bo341
u177471	bo341
u82614	bo341
u5442	bo459
u114458	bo459
u4422	bo459
u112706	bo459
u46372	bo459
u53248	bo459
u118374	bo459
u34537	bo459
u44728	bo503
u163119	bo503
u180705	bo503
u176610	bo503
u35726	bo503
u138520	bo503
u146417	bo503
u114259	bo792
u179387	bo792
u49005	bo792
u156083	bo342
u45216	bo342
u144790	bo342
u60528	bo342
u23029	bo342
u133702	bo342
u93225	bo342
u181701	bo342
u119003	bo342
u76607	bo342
u108809	bo342
u130446	bo342
u17528	bo955
u96646	bo17
u115307	bo17
u127111	bo17
u39748	bo17
u5028	bo17
u114589	bo17
u95833	bo17
u23977	bo17
u23920	bo17
u23453	bo17
u94162	bo17
u172287	bo17
u62514	bo17
u166997	bo17
u94365	bo17
u128183	bo17
u173687	bo17
u21493	bo17
u21902	bo17
u54605	bo17
u149374	bo17
u149504	bo17
u110251	bo17
u107616	bo17
u149262	bo17
u65247	bo17
u175343	bo17
u14220	bo17
u38540	bo17
u148368	bo17
u148449	bo17
u150824	bo17
u136912	bo17
u150358	bo17
u9832	bo17
u49318	bo17
u164892	bo17
u117205	bo17
u146821	bo17
u51112	bo17
u82867	bo17
u82865	bo17
u161084	bo17
u161416	bo17
u34473	bo17
u145163	bo17
u97980	bo17
u169689	bo17
u74365	bo17
u162026	bo17
u69986	bo2088
u107185	bo2088
u95105	bo2907
u131031	bo299
u45933	bo299
u126757	bo299
u22001	bo299
u125590	bo299
u113105	bo299
u166635	bo299
u94810	bo299
u110494	bo299
u80580	bo299
u124500	bo299
u76607	bo299
u67181	bo299
u138625	bo299
u34217	bo299
u169217	bo299
u57685	bo343
u168386	bo343
u5043	bo343
u56493	bo343
u129964	bo343
u134872	bo343
u93225	bo343
u80580	bo343
u181437	bo343
u88610	bo343
u76289	bo343
u67707	bo343
u66076	bo343
u120939	bo3474
u192757	bo505
u166117	bo505
u156985	bo956
u171665	bo956
u125590	bo956
u157697	bo956
u15590	bo956
u146676	bo956
u87387	bo1198
u73668	bo1198
u133702	bo1693
u106754	bo1693
u96246	bo18
u84540	bo18
u84722	bo18
u27904	bo18
u18163	bo18
u144200	bo18
u103152	bo18
u125590	bo18
u63709	bo18
u141324	bo18
u15053	bo18
u15139	bo18
u119969	bo18
u135944	bo18
u148041	bo18
u89362	bo18
u63993	bo18
u180705	bo18
u180719	bo18
u147810	bo18
u117694	bo18
u58009	bo18
u178020	bo18
u74050	bo18
u57168	bo344
u175437	bo344
u52672	bo344
u37475	bo344
u73668	bo344
u34335	bo344
u115946	bo795
u131623	bo1081
u44909	bo1081
u17958	bo1081
u29378	bo1081
u128183	bo1694
u152529	bo1694
u127522	bo183
u170314	bo183
u102857	bo183
u69085	bo183
u4922	bo183
u158868	bo183
u133702	bo183
u46677	bo183
u21902	bo183
u25993	bo183
u38173	bo183
u136810	bo183
u151312	bo183
u52377	bo183
u6193	bo183
u173344	bo507
u166541	bo840
u37031	bo840
u15309	bo1244
u25909	bo1244
u65484	bo1244
u116807	bo1244
u93717	bo1695
u52222	bo3026
u97637	bo3026
u57168	bo346
u39949	bo346
u179392	bo346
u126450	bo346
u44907	bo346
u2554	bo346
u41415	bo346
u176734	bo346
u74465	bo346
u44909	bo508
u179110	bo508
u158912	bo508
u133786	bo508
u113999	bo959
u137336	bo959
u95105	bo1740
u105605	bo1740
u177074	bo1740
u97980	bo3027
u103918	bo347
u171137	bo347
u101826	bo347
u143615	bo347
u172007	bo347
u21011	bo347
u14105	bo347
u163378	bo347
u122840	bo347
u34537	bo347
u57555	bo4413
u148855	bo4413
u156270	bo798
u53248	bo798
u90100	bo798
u109514	bo798
u53527	bo1697
u112956	bo1859
u152717	bo3974
u107121	bo3974
u126646	bo843
u166826	bo843
u14220	bo843
u177737	bo843
u156680	bo1085
u129667	bo1085
u150799	bo1085
u96640	bo187
u57685	bo187
u68436	bo187
u112934	bo187
u85509	bo187
u89429	bo187
u124208	bo187
u164607	bo187
u160429	bo187
u137523	bo187
u73836	bo187
u58438	bo187
u5190	bo2020
u170304	bo231
u126881	bo231
u167486	bo231
u102265	bo231
u120790	bo231
u61321	bo231
u30001	bo231
u93386	bo231
u181789	bo231
u181162	bo231
u124500	bo231
u8858	bo231
u50946	bo231
u137336	bo231
u177832	bo231
u67669	bo231
u73377	bo231
u69085	bo2471
u23977	bo2471
u60370	bo2633
u77988	bo2633
u136797	bo2633
u56317	bo4253
u107002	bo1248
u67877	bo1699
u96553	bo2021
u166360	bo2021
u176315	bo2021
u39037	bo232
u33749	bo232
u166360	bo232
u157697	bo232
u165746	bo232
u13828	bo232
u163092	bo232
u14805	bo232
u118954	bo232
u118194	bo232
u76544	bo232
u99762	bo232
u59650	bo232
u58186	bo232
u157579	bo3525
u162442	bo845
u72935	bo1087
u131022	bo1087
u171777	bo1087
u75782	bo1087
u70283	bo1131
u179392	bo1582
u84540	bo189
u114343	bo189
u171137	bo189
u56794	bo189
u23903	bo189
u93314	bo189
u93717	bo189
u149479	bo189
u62691	bo189
u25758	bo189
u14204	bo189
u14207	bo189
u152717	bo189
u14359	bo189
u136098	bo189
u145	bo189
u37532	bo189
u151312	bo189
u67707	bo189
u109514	bo189
u130111	bo189
u7053	bo189
u42608	bo189
u153047	bo189
u145163	bo189
u110794	bo2473
u162394	bo2473
u82667	bo3364
u113105	bo4417
u128402	bo1088
u21289	bo1088
u54605	bo1088
u52276	bo1088
u82422	bo1088
u97838	bo1088
u156754	bo2474
u103918	bo4094
u117694	bo847
u4202	bo2024
u158157	bo2024
u45498	bo235
u114552	bo235
u55288	bo235
u24344	bo235
u63472	bo235
u157839	bo235
u38518	bo235
u106754	bo235
u64060	bo235
u8341	bo235
u42119	bo235
u53248	bo2637
u43912	bo2637
u178327	bo3366
u96646	bo686
u21051	bo686
u49709	bo686
u135226	bo686
u159601	bo686
u162530	bo848
u76599	bo1747
u155968	bo236
u158814	bo236
u31959	bo236
u79644	bo236
u21333	bo236
u181548	bo236
u152288	bo236
u124069	bo236
u180422	bo236
u64060	bo236
u147180	bo236
u117612	bo236
u146417	bo236
u138636	bo236
u108118	bo236
u65750	bo2476
u179392	bo2520
u157975	bo2520
u169404	bo4302
u5079	bo4591
u168577	bo731
u59880	bo731
u122631	bo731
u85509	bo1630
u49709	bo3250
u73283	bo3863
u180169	bo3863
u172625	bo4141
u72725	bo732
u143615	bo732
u49816	bo732
u38198	bo732
u97637	bo732
u24177	bo82
u17394	bo82
u158157	bo82
u26122	bo82
u63709	bo82
u104817	bo82
u110108	bo82
u89958	bo82
u133518	bo1136
u81949	bo1136
u96305	bo120
u22991	bo120
u156680	bo120
u102461	bo120
u129964	bo120
u104228	bo120
u135889	bo120
u52939	bo120
u64006	bo120
u34473	bo120
u171767	bo1587
u149479	bo1587
u148855	bo1587
u37532	bo1587
u52114	bo2478
u167406	bo3864
u18153	bo689
u126881	bo689
u83760	bo689
u31746	bo689
u16295	bo689
u128402	bo689
u134872	bo689
u35682	bo689
u146981	bo689
u69807	bo83
u57436	bo83
u56493	bo83
u44641	bo83
u102461	bo83
u78468	bo83
u94453	bo83
u2864	bo83
u111776	bo83
u111467	bo83
u110220	bo83
u123582	bo83
u152529	bo83
u92902	bo83
u40662	bo83
u136777	bo83
u37532	bo83
u8341	bo83
u75079	bo83
u75314	bo83
u130874	bo83
u42948	bo83
u6300	bo83
u178020	bo83
u18163	bo121
u5442	bo121
u126646	bo121
u44386	bo121
u83675	bo121
u17958	bo121
u172289	bo121
u134594	bo121
u2694	bo121
u46573	bo121
u21289	bo121
u15053	bo121
u181538	bo121
u9395	bo121
u180719	bo121
u164607	bo121
u147239	bo121
u99444	bo121
u109249	bo121
u177733	bo121
u154596	bo121
u122099	bo121
u73371	bo121
u66084	bo121
u169404	bo121
u134422	bo1470
u81866	bo1470
u127734	bo2028
u148368	bo2028
u170551	bo239
u144536	bo239
u56867	bo239
u23903	bo239
u94693	bo239
u26122	bo239
u104531	bo239
u148563	bo239
u117612	bo239
u42289	bo239
u42313	bo239
u153237	bo239
u96246	bo2479
u145198	bo2523
u6247	bo2974
u51630	bo3090
u129667	bo572
u30668	bo572
u162917	bo572
u124208	bo572
u43912	bo572
u90201	bo572
u57019	bo84
u168577	bo84
u39647	bo84
u168062	bo84
u114907	bo84
u167266	bo84
u28525	bo84
u28352	bo84
u172287	bo84
u172044	bo84
u61873	bo84
u21289	bo84
u110293	bo84
u162389	bo84
u162394	bo84
u89869	bo84
u106936	bo84
u163740	bo84
u106754	bo84
u99951	bo84
u43912	bo84
u138112	bo84
u59387	bo84
u81896	bo84
u115927	bo122
u144200	bo122
u3825	bo122
u85307	bo122
u110108	bo122
u181548	bo122
u63993	bo122
u124409	bo122
u88149	bo122
u76595	bo122
u106091	bo122
u45776	bo1589
u107484	bo1589
u163786	bo2975
u177471	bo3253
u45933	bo3415
u42110	bo4144
u45572	bo123
u57555	bo123
u5043	bo123
u62514	bo123
u113266	bo123
u55178	bo123
u112706	bo123
u165573	bo123
u134684	bo123
u104743	bo123
u62691	bo123
u25993	bo123
u86287	bo123
u37679	bo123
u41415	bo123
u181162	bo123
u181437	bo123
u89429	bo123
u145	bo123
u13173	bo123
u74820	bo123
u50864	bo123
u8098	bo123
u137842	bo123
u59995	bo123
u59311	bo123
u7131	bo123
u122966	bo123
u136514	bo3867
u137611	bo3867
u11539	bo1635
u178057	bo1635
u20638	bo2526
u144522	bo575
u103918	bo575
u134422	bo575
u101262	bo575
u31746	bo1023
u180204	bo1023
u103918	bo2527
u82781	bo3300
u97415	bo3751
u45623	bo3913
u33611	bo576
u104531	bo576
u89265	bo576
u52102	bo576
u13062	bo576
u177325	bo576
u127522	bo620
u22563	bo620
u62514	bo620
u166997	bo620
u157160	bo620
u8956	bo620
u88722	bo620
u100945	bo620
u10889	bo620
u58009	bo620
u131611	bo738
u87387	bo738
u37493	bo738
u62469	bo1475
u116029	bo1475
u155876	bo1637
u119746	bo1637
u107202	bo1637
u58387	bo1637
u169217	bo3095
u11878	bo3419
u18107	bo3590
u76422	bo3752
u96436	bo3914
u146676	bo3914
u39356	bo89
u33259	bo89
u84829	bo89
u156680	bo89
u114458	bo89
u155156	bo89
u60994	bo89
u62524	bo89
u16808	bo89
u20638	bo89
u85966	bo89
u2046	bo89
u147203	bo89
u35854	bo89
u50946	bo89
u146719	bo89
u67877	bo89
u75079	bo89
u161061	bo89
u34339	bo89
u122635	bo89
u24177	bo1025
u56080	bo1025
u94810	bo1025
u96802	bo1476
u55041	bo1476
u157975	bo1476
u88364	bo1476
u33851	bo1520
u176206	bo1520
u67476	bo1520
u59755	bo1520
u46916	bo3591
u143725	bo460
u119969	bo460
u175645	bo460
u176206	bo460
u45268	bo128
u45498	bo128
u28290	bo128
u120790	bo128
u17877	bo128
u17634	bo128
u113155	bo128
u94644	bo128
u172788	bo128
u105571	bo128
u31560	bo128
u112601	bo128
u46315	bo128
u157160	bo128
u150191	bo128
u95	bo128
u110518	bo128
u104817	bo128
u104797	bo128
u30323	bo128
u30668	bo128
u162530	bo128
u181437	bo128
u38540	bo128
u124182	bo128
u185	bo128
u13482	bo128
u151048	bo128
u138636	bo128
u122840	bo128
u108315	bo128
u58186	bo128
u27576	bo1521
u151367	bo1521
u113999	bo623
u134422	bo1360
u35815	bo1360
u22991	bo624
u179890	bo624
u126246	bo624
u128402	bo624
u36384	bo624
u44612	bo1361
u126246	bo1361
u56811	bo1361
u140738	bo1361
u34335	bo1523
u170672	bo2090
u66444	bo2414
u127121	bo2865
u72543	bo2865
u41282	bo2865
u150799	bo2865
u59211	bo2865
u167709	bo625
u143725	bo625
u24952	bo625
u104601	bo625
u96767	bo1029
u169320	bo1029
u45268	bo20
u170628	bo20
u54455	bo20
u110293	bo20
u77899	bo20
u51112	bo20
u82377	bo20
u146417	bo20
u7158	bo20
u74178	bo20
u168957	bo2415
u16808	bo464
u87387	bo464
u61907	bo464
u65602	bo464
u14805	bo464
u40806	bo464
u150745	bo464
u156270	bo626
u45963	bo626
u113266	bo626
u30323	bo626
u123608	bo626
u161380	bo626
u130874	bo626
u97973	bo626
u39037	bo1976
u69986	bo1976
u75079	bo1976
u73779	bo2092
u84352	bo21
u44641	bo21
u133541	bo21
u165165	bo21
u2137	bo21
u93950	bo21
u162599	bo21
u181538	bo21
u77988	bo21
u40662	bo21
u36384	bo21
u147879	bo21
u64444	bo21
u88149	bo21
u76595	bo21
u106091	bo21
u91580	bo21
u11083	bo21
u82752	bo21
u75890	bo21
u90100	bo21
u75201	bo21
u136228	bo3145
u82667	bo3596
u146843	bo3640
u71537	bo960
u143725	bo960
u176206	bo2093
u29725	bo2093
u179387	bo2417
u17958	bo2417
u112200	bo2417
u54922	bo3803
u83760	bo466
u47363	bo466
u159745	bo466
u35815	bo466
u59809	bo466
u69394	bo510
u127617	bo510
u171435	bo510
u4583	bo510
u143615	bo510
u25909	bo510
u162530	bo510
u174859	bo510
u49318	bo510
u59311	bo510
u116029	bo510
u130446	bo510
u169297	bo510
u141017	bo628
u21888	bo628
u151632	bo628
u25404	bo961
u113105	bo961
u75890	bo961
u56867	bo2256
u24344	bo2256
u173594	bo2256
u9513	bo2256
u115135	bo23
u72442	bo23
u170588	bo23
u18992	bo23
u22001	bo23
u4583	bo23
u17394	bo23
u158994	bo23
u55178	bo23
u112200	bo23
u26557	bo23
u63709	bo23
u134872	bo23
u46573	bo23
u21547	bo23
u107647	bo23
u119340	bo23
u49005	bo23
u52672	bo23
u13173	bo23
u106091	bo23
u13303	bo23
u29725	bo23
u82171	bo23
u75201	bo23
u34358	bo23
u73377	bo23
u139163	bo23
u66444	bo23
u169244	bo23
u139050	bo23
u99591	bo2418
u73283	bo2913
u77988	bo2913
u180169	bo2913
u166151	bo3804
u166065	bo3804
u139864	bo4533
u180705	bo467
u138625	bo467
u50395	bo467
u22043	bo511
u91006	bo511
u164943	bo1366
u66362	bo1366
u132172	bo1528
u55008	bo1861
u33851	bo24
u27521	bo24
u170322	bo24
u131031	bo24
u45623	bo24
u102709	bo24
u72601	bo24
u168242	bo24
u5342	bo24
u114259	bo24
u171137	bo24
u171767	bo24
u158576	bo24
u25404	bo24
u129490	bo24
u87848	bo24
u24611	bo24
u15825	bo24
u54922	bo24
u15421	bo24
u110107	bo24
u80074	bo24
u38540	bo24
u152949	bo24
u89520	bo24
u38770	bo24
u40662	bo24
u12893	bo24
u64848	bo24
u147203	bo24
u35523	bo24
u35726	bo24
u43998	bo24
u82171	bo24
u59746	bo24
u75406	bo24
u42771	bo24
u153460	bo24
u178327	bo24
u169600	bo24
u4922	bo3481
u55462	bo350
u55729	bo350
u112756	bo350
u110251	bo350
u180866	bo350
u154943	bo350
u97980	bo350
u19362	bo350
u127522	bo512
u67877	bo512
u122099	bo512
u148855	bo1411
u136975	bo1411
u4583	bo513
u158576	bo513
u119340	bo513
u180393	bo513
u177737	bo513
u81949	bo513
u133786	bo964
u110739	bo964
u32321	bo1250
u172138	bo1250
u1383	bo1250
u69152	bo1412
u57252	bo1412
u172625	bo1412
u116531	bo1412
u156265	bo1863
u58387	bo2141
u16295	bo2592
u96305	bo352
u115033	bo352
u18992	bo352
u155156	bo352
u32321	bo352
u44909	bo352
u113190	bo352
u24344	bo352
u93986	bo352
u123268	bo352
u135182	bo352
u80074	bo352
u89958	bo352
u121511	bo352
u82171	bo352
u34537	bo352
u168957	bo191
u144200	bo191
u18672	bo191
u44641	bo191
u56811	bo191
u17634	bo191
u166108	bo191
u133702	bo191
u85307	bo191
u38880	bo191
u151211	bo191
u76422	bo191
u146741	bo191
u82804	bo191
u98454	bo191
u131031	bo27
u26940	bo27
u44641	bo27
u192757	bo27
u30713	bo27
u107616	bo27
u65247	bo27
u80144	bo27
u118374	bo27
u64848	bo27
u137664	bo27
u137523	bo27
u42771	bo27
u75764	bo2755
u108929	bo2755
u133541	bo3484
u171777	bo966
u152727	bo966
u106497	bo966
u52055	bo966
u137611	bo966
u116807	bo966
u176610	bo1414
u64060	bo1414
u151238	bo1414
u56317	bo2099
u75225	bo2099
u86613	bo2800
u148711	bo2800
u137243	bo2800
u44564	bo4420
u115135	bo1091
u113017	bo1091
u21224	bo1091
u131926	bo1415
u84552	bo193
u33632	bo193
u115135	bo193
u69152	bo193
u22230	bo193
u18672	bo193
u114238	bo193
u60528	bo193
u120733	bo193
u105571	bo193
u162814	bo193
u64127	bo193
u29701	bo193
u51194	bo193
u121852	bo193
u42313	bo193
u42239	bo193
u42110	bo193
u99898	bo2757
u169620	bo2757
u100097	bo2801
u107394	bo2919
u44728	bo3648
u170322	bo850
u40806	bo850
u34335	bo850
u42648	bo850
u66591	bo850
u166104	bo968
u38198	bo968
u116029	bo968
u50395	bo968
u124500	bo1254
u126881	bo1911
u102265	bo1911
u97838	bo2307
u75700	bo3036
u144522	bo3487
u45287	bo3982
u33889	bo851
u18672	bo851
u87473	bo851
u110366	bo851
u67707	bo851
u33632	bo969
u18475	bo195
u57555	bo195
u45776	bo195
u144134	bo195
u47620	bo195
u158868	bo195
u94418	bo195
u105605	bo195
u157035	bo195
u173344	bo195
u162917	bo195
u119746	bo195
u148368	bo195
u148711	bo195
u150932	bo195
u118152	bo195
u146676	bo195
u75700	bo195
u42948	bo195
u161416	bo2597
u103918	bo357
u143583	bo357
u105571	bo357
u110220	bo357
u169979	bo357
u19510	bo357
u19510	bo3983
u72678	bo519
u108000	bo519
u169244	bo519
u6977	bo519
u79909	bo852
u147203	bo852
u167999	bo1256
u176610	bo1913
u36245	bo1913
u16808	bo2598
u169320	bo3371
u57439	bo402
u30469	bo402
u15053	bo402
u175437	bo402
u175978	bo402
u171767	bo4262
u140245	bo1095
u151149	bo1095
u145818	bo1095
u19026	bo1095
u127121	bo1419
u112756	bo1590
u57123	bo197
u101838	bo197
u133284	bo197
u173594	bo197
u107002	bo197
u176206	bo197
u64075	bo197
u1383	bo197
u51768	bo197
u90489	bo197
u75201	bo197
u34335	bo197
u53701	bo2030
u145163	bo2030
u166104	bo3534
u36853	bo3534
u56794	bo198
u158994	bo198
u94810	bo198
u157697	bo198
u157975	bo198
u181701	bo198
u77849	bo198
u64335	bo198
u164366	bo198
u122225	bo198
u130111	bo2149
u96246	bo242
u28581	bo242
u79644	bo242
u124069	bo242
u117414	bo242
u98077	bo242
u34473	bo242
u16559	bo2806
u108809	bo2806
u115135	bo404
u142435	bo404
u16026	bo404
u111132	bo404
u136797	bo4264
u29934	bo4264
u101838	bo855
u62514	bo855
u31746	bo855
u118152	bo855
u29516	bo855
u121511	bo855
u66076	bo855
u4500	bo1097
u41282	bo1097
u152717	bo1097
u122966	bo1259
u172769	bo2032
u83035	bo243
u137437	bo243
u52102	bo3374
u99232	bo3987
u166826	bo405
u55288	bo405
u134684	bo405
u88722	bo405
u108118	bo405
u123142	bo856
u18992	bo1098
u60372	bo1142
u93448	bo1142
u42289	bo1142
u158576	bo1304
u173594	bo1304
u163045	bo1304
u52789	bo1593
u62469	bo2033
u136777	bo2033
u16580	bo4310
u16559	bo857
u38788	bo857
u97838	bo857
u97637	bo857
u127050	bo1143
u138520	bo1143
u102106	bo1305
u126881	bo2809
u91006	bo3376
u45623	bo407
u83943	bo407
u31871	bo407
u157678	bo407
u163337	bo407
u169979	bo407
u130145	bo407
u168386	bo740
u81866	bo740
u72990	bo90
u170174	bo90
u168957	bo90
u5190	bo90
u47334	bo90
u133645	bo90
u78831	bo90
u142473	bo90
u112523	bo90
u128860	bo90
u104228	bo90
u25758	bo90
u181548	bo90
u80580	bo90
u163378	bo90
u106497	bo90
u147810	bo90
u88722	bo90
u88149	bo90
u11878	bo90
u82804	bo90
u82667	bo90
u58821	bo90
u80854	bo1757
u158631	bo2035
u107044	bo2035
u146417	bo2035
u33632	bo2648
u89392	bo2648
u135894	bo3421
u41793	bo741
u6300	bo741
u166997	bo859
u149479	bo859
u148449	bo859
u106754	bo859
u19464	bo859
u18617	bo903
u21011	bo903
u141017	bo1758
u49709	bo1758
u76289	bo1758
u167555	bo2036
u33898	bo247
u18175	bo247
u2293	bo247
u86160	bo247
u25993	bo247
u30946	bo247
u67669	bo247
u97924	bo247
u166826	bo2487
u151632	bo2487
u8933	bo409
u75890	bo409
u33632	bo698
u30668	bo698
u119941	bo698
u64461	bo698
u156493	bo92
u127522	bo92
u168386	bo92
u5190	bo92
u23920	bo92
u70283	bo92
u129096	bo92
u16808	bo92
u112706	bo92
u165573	bo92
u15421	bo92
u175437	bo92
u53701	bo92
u65980	bo92
u136852	bo92
u159155	bo92
u88999	bo92
u88997	bo92
u88574	bo92
u177476	bo92
u90519	bo92
u153047	bo92
u114259	bo1308
u97838	bo1308
u133645	bo1803
u197917	bo1803
u6497	bo1803
u88574	bo2488
u28352	bo2983
u158157	bo3874
u170174	bo699
u101826	bo699
u94162	bo699
u158157	bo699
u35596	bo699
u169920	bo699
u156083	bo905
u54083	bo905
u49709	bo905
u107202	bo905
u116781	bo905
u111132	bo1480
u122635	bo1480
u21051	bo2038
u143583	bo2489
u118255	bo3262
u55142	bo906
u79705	bo906
u181548	bo906
u1845	bo906
u122225	bo906
u107394	bo1148
u160699	bo2372
u108000	bo2372
u83248	bo2534
u172044	bo2534
u115265	bo745
u170314	bo745
u123239	bo745
u70090	bo907
u16808	bo907
u146598	bo907
u18153	bo133
u126881	bo133
u83675	bo133
u113544	bo133
u172287	bo133
u24344	bo133
u157697	bo133
u63046	bo133
u54083	bo133
u54605	bo133
u111132	bo133
u107616	bo133
u135226	bo133
u65762	bo133
u118529	bo133
u52377	bo133
u67385	bo133
u137611	bo133
u137657	bo133
u137336	bo133
u82614	bo133
u90489	bo133
u161084	bo133
u161380	bo133
u98076	bo133
u60370	bo3264
u29934	bo3264
u13755	bo584
u43495	bo584
u66427	bo584
u95833	bo1483
u16580	bo1645
u157697	bo1645
u156265	bo2536
u57555	bo2536
u88740	bo2536
u96553	bo2987
u96436	bo2987
u146676	bo2987
u110108	bo3427
u29516	bo747
u35854	bo747
u10889	bo747
u65484	bo1033
u22589	bo1484
u139884	bo1484
u576	bo4490
u150358	bo1485
u98891	bo1485
u46131	bo2420
u162636	bo2871
u145771	bo2871
u35208	bo3267
u77988	bo587
u52276	bo587
u177471	bo587
u34175	bo587
u116781	bo587
u170672	bo631
u63356	bo631
u14359	bo631
u11083	bo631
u116781	bo631
u169217	bo631
u127121	bo749
u126410	bo749
u102073	bo749
u115927	bo1035
u102106	bo1035
u157697	bo1035
u156270	bo137
u33632	bo137
u170322	bo137
u39647	bo137
u22309	bo137
u179890	bo137
u83035	bo137
u171767	bo137
u44909	bo137
u852	bo137
u26537	bo137
u128456	bo137
u30946	bo137
u135295	bo137
u89244	bo137
u12956	bo137
u91006	bo137
u180719	bo137
u52222	bo137
u11878	bo137
u146741	bo137
u51126	bo137
u42119	bo137
u6497	bo137
u81383	bo137
u169404	bo137
u19510	bo137
u19026	bo137
u58186	bo137
u62524	bo1648
u163786	bo2421
u115531	bo2539
u146981	bo2539
u65247	bo3763
u163740	bo4041
u16808	bo632
u100030	bo632
u63046	bo1036
u61484	bo1649
u61907	bo1649
u115946	bo2422
u2727	bo2873
u80193	bo2873
u51768	bo4042
u72990	bo471
u103653	bo471
u68228	bo471
u57210	bo633
u61743	bo633
u119003	bo633
u150358	bo633
u108809	bo633
u5028	bo1037
u167406	bo1037
u47363	bo1037
u133702	bo1037
u49160	bo1037
u52276	bo1037
u33889	bo139
u101692	bo139
u56080	bo139
u167999	bo139
u179045	bo139
u155876	bo139
u105605	bo139
u157579	bo139
u165746	bo139
u54083	bo139
u157975	bo139
u92338	bo139
u174895	bo139
u76595	bo139
u147239	bo139
u11083	bo139
u177471	bo139
u59387	bo139
u161416	bo139
u81866	bo139
u44909	bo1488
u136912	bo1983
u2745	bo3314
u18163	bo634
u127694	bo634
u5692	bo634
u107647	bo634
u65762	bo634
u43411	bo634
u171665	bo1371
u113999	bo1371
u172769	bo1371
u8858	bo1371
u73668	bo1372
u122616	bo1372
u74465	bo1372
u41282	bo3929
u129463	bo4658
u29096	bo4658
u143615	bo474
u53701	bo474
u38727	bo474
u34537	bo474
u80854	bo1373
u36902	bo1373
u75400	bo1373
u178105	bo1373
u90489	bo1535
u64006	bo2264
u116781	bo2264
u156493	bo31
u156270	bo31
u131611	bo31
u18815	bo31
u68436	bo31
u171137	bo31
u44950	bo31
u94368	bo31
u166065	bo31
u31560	bo31
u93986	bo31
u104897	bo31
u149087	bo31
u174859	bo31
u65417	bo31
u53527	bo31
u38846	bo31
u148449	bo31
u14359	bo31
u38727	bo31
u118374	bo31
u9832	bo31
u159745	bo31
u160429	bo31
u100945	bo31
u59311	bo31
u130111	bo31
u81866	bo31
u58356	bo31
u127974	bo637
u170551	bo637
u28352	bo637
u157741	bo637
u148855	bo637
u159533	bo637
u136024	bo970
u62524	bo2878
u31681	bo2878
u96246	bo32
u18175	bo32
u26940	bo32
u101965	bo32
u17394	bo32
u155876	bo32
u25507	bo32
u133518	bo32
u166038	bo32
u85334	bo32
u46155	bo32
u80790	bo32
u140444	bo32
u80144	bo32
u124551	bo32
u118374	bo32
u106629	bo32
u180580	bo32
u37561	bo32
u160838	bo32
u82377	bo32
u146676	bo32
u67669	bo32
u73377	bo32
u42949	bo32
u153312	bo32
u167025	bo3318
u88149	bo3651
u66427	bo3651
u180719	bo3769
u51768	bo3769
u131926	bo638
u166635	bo638
u128402	bo638
u137243	bo638
u139864	bo638
u144522	bo1375
u28352	bo1537
u129463	bo1537
u62524	bo4499
u154046	bo4499
u84540	bo477
u18153	bo477
u63472	bo477
u53701	bo477
u14204	bo477
u67181	bo477
u161380	bo477
u73377	bo477
u42608	bo477
u74093	bo477
u108059	bo477
u2727	bo972
u21051	bo972
u148855	bo972
u50613	bo972
u86797	bo1376
u128183	bo1538
u76544	bo2267
u2745	bo2311
u80193	bo3158
u33889	bo360
u131022	bo360
u57685	bo360
u28007	bo360
u63356	bo360
u162442	bo360
u181789	bo360
u159979	bo360
u29934	bo360
u35726	bo360
u153047	bo360
u81383	bo360
u56493	bo1377
u197917	bo1377
u164366	bo1377
u122099	bo1539
u57436	bo2268
u86613	bo2925
u9513	bo2925
u176315	bo2925
u42648	bo2925
u44641	bo361
u62304	bo361
u133265	bo361
u117342	bo361
u133284	bo479
u49709	bo479
u49160	bo479
u52276	bo479
u10404	bo479
u144930	bo523
u149401	bo523
u121511	bo523
u59755	bo523
u46155	bo2151
u131022	bo36
u18992	bo36
u83760	bo36
u102461	bo36
u172007	bo36
u113165	bo36
u47363	bo36
u20885	bo36
u166117	bo36
u61743	bo36
u21902	bo36
u93986	bo36
u13755	bo36
u41278	bo36
u80074	bo36
u136098	bo36
u180393	bo36
u64481	bo36
u37031	bo36
u159745	bo36
u35523	bo36
u35815	bo36
u82865	bo36
u177275	bo36
u109806	bo36
u161932	bo36
u77988	bo362
u69394	bo524
u171137	bo524
u44612	bo524
u62469	bo524
u36384	bo524
u136777	bo524
u169217	bo524
u27471	bo1874
u50864	bo1874
u167266	bo2152
u72678	bo2314
u162394	bo2314
u102857	bo1424
u148855	bo1424
u64006	bo1424
u103545	bo364
u110991	bo364
u49005	bo364
u37475	bo364
u37031	bo364
u90105	bo364
u66591	bo364
u131611	bo1263
u73293	bo1920
u74755	bo1920
u165165	bo2154
u117416	bo2316
u68729	bo365
u160751	bo365
u109357	bo365
u34473	bo365
u84829	bo39
u114589	bo39
u44641	bo39
u167999	bo39
u44907	bo39
u172528	bo39
u47620	bo39
u133265	bo39
u55142	bo39
u128185	bo39
u173594	bo39
u173687	bo39
u110469	bo39
u86160	bo39
u13755	bo39
u149262	bo39
u1992	bo39
u117342	bo39
u100097	bo39
u50783	bo39
u138520	bo39
u75314	bo39
u75400	bo39
u161061	bo39
u130446	bo39
u97981	bo39
u108001	bo39
u169320	bo39
u169297	bo39
u166151	bo4387
u175499	bo1264
u35682	bo2650
u135226	bo3541
u127050	bo366
u104228	bo366
u101318	bo3703
u26584	bo410
u136975	bo410
u74465	bo1265
u157741	bo1760
u125590	bo3209
u33695	bo3542
u69394	bo411
u69807	bo411
u144200	bo411
u114589	bo411
u62469	bo411
u165165	bo411
u36384	bo411
u97838	bo411
u33855	bo4271
u61484	bo862
u42452	bo862
u168242	bo2157
u8858	bo2157
u11539	bo2157
u87665	bo250
u79288	bo250
u80144	bo250
u65704	bo250
u176206	bo250
u52055	bo250
u13303	bo250
u67476	bo250
u177074	bo250
u130446	bo250
u127111	bo3994
u21493	bo3994
u77988	bo863
u63993	bo863
u37031	bo863
u74050	bo863
u166518	bo1267
u34473	bo1267
u74093	bo1267
u101519	bo1429
u20885	bo1429
u121807	bo1429
u154869	bo1429
u33851	bo251
u120777	bo251
u166117	bo251
u104601	bo251
u181215	bo251
u65417	bo251
u40662	bo251
u180580	bo251
u37493	bo251
u117414	bo251
u177275	bo251
u161932	bo251
u73283	bo2653
u41239	bo2653
u77988	bo2653
u29934	bo2653
u72990	bo369
u115033	bo369
u57555	bo369
u72714	bo369
u107044	bo369
u9395	bo369
u59746	bo369
u57146	bo252
u22043	bo252
u60994	bo252
u166065	bo252
u142435	bo252
u79059	bo252
u130224	bo252
u145818	bo252
u99951	bo2816
u87624	bo865
u35185	bo865
u98076	bo865
u20005	bo1313
u62304	bo1926
u150799	bo2042
u76842	bo2042
u114943	bo3708
u175325	bo3708
u148855	bo4275
u192757	bo866
u109514	bo866
u33702	bo1152
u15590	bo1152
u59755	bo1152
u67877	bo2043
u84523	bo254
u155968	bo254
u110366	bo254
u147810	bo254
u117765	bo254
u137842	bo254
u42289	bo254
u145771	bo3385
u16580	bo867
u21051	bo867
u146741	bo867
u5079	bo911
u35228	bo911
u170588	bo1315
u149087	bo1315
u56811	bo3548
u134872	bo3548
u165573	bo868
u38727	bo868
u130224	bo912
u33702	bo1154
u59755	bo1154
u101692	bo2496
u158698	bo300
u87631	bo300
u63472	bo300
u21547	bo300
u106754	bo300
u9513	bo300
u138112	bo300
u181701	bo3431
u113999	bo4278
u19784	bo4322
u61327	bo751
u157783	bo751
u110220	bo751
u77654	bo751
u162599	bo869
u150799	bo869
u82865	bo869
u145771	bo869
u27576	bo1155
u96646	bo1155
u56080	bo1155
u178971	bo1155
u5692	bo2046
u148041	bo2046
u6193	bo2046
u45498	bo301
u131623	bo301
u131425	bo301
u31463	bo301
u26122	bo301
u21888	bo301
u146876	bo301
u82348	bo301
u56493	bo590
u143583	bo590
u172289	bo590
u53527	bo590
u108059	bo590
u179045	bo752
u94418	bo752
u87631	bo752
u137243	bo752
u151238	bo752
u177471	bo752
u82614	bo752
u92902	bo1200
u82377	bo1200
u166065	bo1318
u142436	bo1318
u162389	bo1318
u5043	bo140
u143615	bo140
u62304	bo140
u128402	bo140
u21333	bo140
u104531	bo140
u157839	bo140
u65722	bo140
u36902	bo140
u52276	bo140
u117205	bo140
u137437	bo140
u146741	bo140
u154046	bo140
u154943	bo140
u7131	bo140
u153558	bo140
u178105	bo140
u113544	bo915
u78199	bo915
u181162	bo915
u176315	bo915
u42119	bo915
u174895	bo1157
u35682	bo1157
u94162	bo1814
u156493	bo303
u57439	bo303
u22309	bo303
u20579	bo303
u79644	bo303
u135295	bo303
u150943	bo303
u180393	bo303
u99112	bo303
u75839	bo303
u39037	bo592
u158994	bo592
u26584	bo592
u107185	bo592
u11964	bo592
u151632	bo754
u144199	bo1158
u168134	bo1158
u76289	bo1158
u3271	bo142
u35228	bo142
u100097	bo142
u82752	bo142
u127559	bo1815
u153237	bo1815
u162389	bo2382
u34311	bo2382
u170099	bo304
u114458	bo304
u171137	bo304
u60994	bo304
u119969	bo304
u174859	bo304
u100945	bo304
u67877	bo304
u12185	bo304
u130446	bo304
u153047	bo304
u147205	bo3886
u68436	bo593
u94644	bo593
u156774	bo1159
u53701	bo1159
u23300	bo1492
u93386	bo1492
u19335	bo1492
u27471	bo1816
u57436	bo1816
u160104	bo305
u113999	bo3931
u70861	bo3931
u87387	bo756
u65602	bo756
u73668	bo756
u139163	bo756
u24284	bo800
u31560	bo800
u134340	bo800
u49074	bo800
u8933	bo800
u116293	bo800
u106497	bo1042
u84540	bo144
u22043	bo144
u24284	bo144
u126524	bo144
u62304	bo144
u86430	bo144
u135944	bo144
u107954	bo144
u135295	bo144
u65484	bo144
u14204	bo144
u163119	bo144
u152288	bo144
u175645	bo144
u37532	bo144
u116788	bo144
u50395	bo144
u145081	bo144
u19335	bo144
u33851	bo2384
u170672	bo2384
u104090	bo306
u149262	bo306
u180909	bo306
u88740	bo306
u151048	bo306
u154869	bo306
u90105	bo306
u576	bo3770
u55178	bo919
u119969	bo919
u72203	bo307
u45933	bo307
u102467	bo307
u162389	bo307
u38285	bo307
u151312	bo307
u99591	bo307
u124551	bo3438
u69986	bo640
u84397	bo640
u115033	bo640
u95377	bo640
u171665	bo640
u176674	bo640
u8310	bo802
u67877	bo802
u134025	bo1495
u106091	bo1495
u133541	bo2386
u136925	bo2386
u88606	bo2386
u7610	bo2386
u67877	bo2548
u27471	bo759
u18992	bo759
u31642	bo759
u180705	bo759
u59995	bo759
u114907	bo147
u4922	bo147
u102461	bo147
u24611	bo147
u157160	bo147
u62755	bo147
u162785	bo147
u65276	bo147
u38879	bo147
u63993	bo147
u12893	bo147
u13092	bo147
u76842	bo147
u29725	bo147
u177471	bo147
u116807	bo147
u58438	bo1540
u89362	bo1702
u132172	bo2549
u75400	bo2549
u57123	bo309
u73283	bo309
u114259	bo309
u133284	bo309
u79612	bo309
u49005	bo309
u64075	bo309
u154046	bo309
u146676	bo309
u67476	bo309
u59650	bo309
u34335	bo309
u146719	bo3322
u69062	bo4169
u21289	bo804
u62478	bo1208
u74093	bo1208
u61484	bo1703
u101262	bo1703
u88099	bo2432
u67476	bo2432
u158580	bo643
u96328	bo1047
u57555	bo1209
u131926	bo1209
u23029	bo1209
u135735	bo1209
u89265	bo1209
u63988	bo1209
u84512	bo2271
u75400	bo2271
u180705	bo2433
u166117	bo3937
u115265	bo806
u94418	bo806
u121807	bo806
u169600	bo1048
u64060	bo1499
u166151	bo483
u31681	bo483
u61873	bo483
u109357	bo483
u19201	bo483
u45933	bo1544
u170304	bo2435
u143615	bo2435
u67476	bo2435
u15590	bo3777
u24913	bo484
u16449	bo484
u140444	bo484
u181162	bo484
u64060	bo484
u169920	bo484
u7146	bo3822
u18153	bo41
u115135	bo41
u115033	bo41
u170769	bo41
u22563	bo41
u101826	bo41
u143071	bo41
u120790	bo41
u3825	bo41
u94453	bo41
u172625	bo41
u31681	bo41
u61484	bo41
u31959	bo41
u85966	bo41
u93386	bo41
u63046	bo41
u104817	bo41
u141734	bo41
u13828	bo41
u41282	bo41
u77849	bo41
u65704	bo41
u147810	bo41
u88590	bo41
u37561	bo41
u13303	bo41
u1992	bo41
u117260	bo41
u74755	bo41
u137657	bo41
u43495	bo41
u146981	bo41
u67707	bo41
u34339	bo41
u73377	bo41
u81896	bo41
u10923	bo41
u58821	bo41
u97924	bo41
u169612	bo41
u178020	bo41
u104909	bo980
u38770	bo980
u51126	bo980
u168242	bo2437
u110534	bo2437
u57123	bo42
u18328	bo42
u131022	bo42
u45712	bo42
u102036	bo42
u158580	bo42
u129220	bo42
u113165	bo42
u166151	bo42
u16295	bo42
u46573	bo42
u110518	bo42
u15421	bo42
u86564	bo42
u13755	bo42
u41278	bo42
u53489	bo42
u40806	bo42
u150745	bo42
u180422	bo42
u64335	bo42
u121807	bo42
u177275	bo42
u34217	bo42
u161932	bo42
u108108	bo42
u58186	bo42
u114343	bo486
u134025	bo486
u110366	bo486
u37532	bo486
u67877	bo486
u59211	bo486
u36245	bo486
u109514	bo486
u172138	bo648
u35443	bo3662
u110494	bo1548
u139096	bo1548
u7053	bo2277
u28848	bo3825
u123582	bo532
u122225	bo532
u139050	bo532
u179387	bo1882
u146676	bo1882
u74755	bo2773
u21693	bo533
u81896	bo533
u34710	bo533
u102857	bo1270
u142258	bo1270
u56080	bo3214
u49709	bo3214
u61327	bo1389
u84774	bo373
u69807	bo373
u5638	bo373
u129964	bo373
u61907	bo373
u157678	bo373
u130874	bo373
u22589	bo47
u70688	bo47
u86807	bo47
u3271	bo47
u110220	bo47
u110108	bo47
u77797	bo47
u148855	bo47
u124409	bo47
u137211	bo47
u50946	bo47
u121303	bo47
u146598	bo47
u116606	bo47
u10923	bo47
u153714	bo47
u74178	bo47
u144200	bo1272
u16559	bo1272
u181437	bo1272
u136777	bo1272
u108809	bo1272
u97637	bo1272
u157975	bo1885
u76747	bo2163
u112258	bo3667
u149657	bo3711
u40985	bo3711
u35228	bo374
u169920	bo374
u576	bo4558
u44564	bo987
u67707	bo987
u163092	bo1273
u28290	bo1435
u166151	bo1435
u122635	bo3550
u22852	bo537
u63246	bo537
u53701	bo537
u185	bo537
u147205	bo537
u137657	bo537
u169612	bo537
u19201	bo537
u115927	bo870
u113544	bo1274
u16559	bo2822
u19201	bo3551
u22589	bo376
u18992	bo376
u22043	bo376
u167025	bo376
u94418	bo376
u79909	bo376
u30946	bo376
u107394	bo376
u124093	bo376
u180866	bo376
u138296	bo376
u108315	bo4280
u26940	bo4442
u110929	bo989
u172138	bo1770
u3271	bo1770
u14207	bo1770
u134872	bo3714
u22044	bo539
u44950	bo539
u38879	bo539
u40806	bo539
u35185	bo539
u113832	bo1320
u67037	bo1320
u109514	bo1320
u104531	bo2167
u156774	bo260
u20005	bo260
u46372	bo260
u104897	bo260
u37679	bo260
u180204	bo260
u176674	bo260
u52102	bo260
u74755	bo260
u66591	bo260
u114343	bo378
u62514	bo378
u31642	bo378
u93314	bo378
u149479	bo378
u152717	bo378
u14359	bo378
u34175	bo378
u130111	bo378
u166997	bo1934
u119910	bo1934
u165573	bo3392
u46155	bo3554
u90100	bo3554
u57019	bo4607
u113819	bo1160
u66362	bo1160
u131611	bo1278
u142258	bo1773
u72725	bo262
u55142	bo262
u26940	bo2826
u108809	bo2826
u12956	bo424
u52506	bo424
u11964	bo424
u176315	bo4608
u93950	bo1161
u26940	bo1323
u169404	bo1323
u18475	bo876
u38880	bo876
u177121	bo876
u156343	bo2828
u146876	bo2828
u27471	bo3719
u102265	bo3719
u110929	bo3719
u53786	bo4330
u154046	bo921
u58009	bo921
u132999	bo1938
u113999	bo1938
u172769	bo1938
u8858	bo1938
u129065	bo3891
u31681	bo4287
u157975	bo4287
u64487	bo4449
u160699	bo4449
u55288	bo760
u87665	bo760
u181162	bo1164
u150922	bo1164
u29701	bo1164
u169244	bo1164
u131926	bo1777
u56080	bo1777
u116781	bo1777
u144200	bo310
u628	bo310
u78831	bo310
u87728	bo310
u2554	bo310
u159116	bo310
u117416	bo310
u143583	bo3603
u139864	bo4288
u4500	bo4332
u86807	bo761
u110251	bo761
u41415	bo761
u14359	bo761
u145282	bo761
u107616	bo1660
u156985	bo1822
u75700	bo1822
u72725	bo2551
u43501	bo2551
u156754	bo2669
u97838	bo3280
u168577	bo3893
u85966	bo762
u10985	bo762
u6833	bo762
u146821	bo924
u122966	bo924
u34339	bo1328
u158631	bo2714
u38146	bo2714
u94626	bo1211
u50157	bo1211
u96436	bo151
u18992	bo151
u5442	bo151
u171137	bo151
u28352	bo151
u62469	bo151
u61359	bo151
u110518	bo151
u111467	bo151
u119969	bo151
u49816	bo151
u52939	bo151
u153047	bo151
u149401	bo1824
u53248	bo1824
u66995	bo1824
u155876	bo2391
u108059	bo2391
u69085	bo269
u60372	bo269
u55288	bo269
u55729	bo269
u61359	bo269
u112756	bo269
u152727	bo269
u106754	bo269
u151312	bo269
u116029	bo269
u58356	bo269
u18153	bo3444
u156754	bo3444
u83974	bo1050
u44728	bo1050
u17528	bo1050
u104531	bo1050
u150943	bo1050
u73769	bo1050
u170588	bo1168
u40331	bo1168
u127111	bo1212
u63472	bo1212
u13092	bo1212
u100097	bo1212
u127121	bo927
u7610	bo927
u152727	bo1213
u121219	bo1213
u158868	bo1664
u145	bo1664
u155876	bo1826
u55462	bo2555
u80144	bo766
u66427	bo766
u158912	bo1665
u169404	bo2105
u60670	bo2394
u148563	bo2600
u179387	bo2718
u175978	bo3780
u124069	bo3942
u84569	bo4671
u24913	bo767
u64444	bo767
u117260	bo767
u59108	bo767
u112523	bo811
u137657	bo811
u60670	bo1053
u10889	bo1215
u82867	bo2557
u103545	bo317
u20885	bo317
u166635	bo317
u94763	bo317
u88997	bo317
u74755	bo317
u122616	bo317
u131022	bo4221
u75314	bo4221
u33611	bo650
u78199	bo650
u110991	bo650
u89877	bo650
u137243	bo650
u34710	bo650
u156985	bo768
u85334	bo768
u2727	bo768
u119547	bo768
u75406	bo768
u57555	bo1216
u171665	bo1216
u165746	bo1216
u9395	bo1216
u168242	bo1711
u46131	bo1711
u67385	bo1711
u112956	bo200
u13828	bo200
u177121	bo200
u58438	bo200
u5692	bo2396
u148041	bo2396
u82422	bo2558
u53701	bo2602
u35443	bo2602
u146504	bo3331
u156265	bo3782
u131926	bo651
u5028	bo651
u171767	bo651
u166518	bo651
u9832	bo651
u8858	bo651
u136694	bo813
u147203	bo813
u16808	bo1055
u61484	bo1055
u107185	bo1055
u9513	bo1055
u130874	bo1055
u18475	bo1550
u114458	bo1550
u20005	bo1550
u127734	bo157
u17634	bo157
u172289	bo157
u65283	bo157
u76289	bo157
u11878	bo157
u122665	bo157
u33259	bo201
u170314	bo201
u156774	bo201
u71025	bo201
u101965	bo201
u155968	bo201
u172834	bo201
u55041	bo201
u63553	bo201
u110469	bo201
u21888	bo201
u163337	bo201
u53489	bo201
u14805	bo201
u180705	bo201
u49074	bo201
u576	bo201
u1992	bo201
u50783	bo201
u90489	bo201
u101262	bo201
u116531	bo201
u97924	bo201
u169620	bo201
u169979	bo2397
u49502	bo2559
u140478	bo2603
u148368	bo319
u53248	bo319
u164607	bo319
u90105	bo319
u42648	bo319
u124500	bo3332
u45776	bo4179
u52506	bo4179
u179387	bo814
u94763	bo814
u24952	bo814
u173344	bo814
u29934	bo814
u108059	bo814
u33998	bo1056
u107202	bo1056
u59746	bo1056
u31681	bo1218
u68228	bo1713
u133265	bo1713
u14220	bo1713
u145282	bo1713
u33855	bo202
u27904	bo202
u57210	bo202
u156754	bo202
u68208	bo202
u167266	bo202
u158814	bo202
u21333	bo202
u135132	bo202
u38518	bo202
u40918	bo202
u99898	bo202
u8341	bo202
u82867	bo202
u98329	bo202
u169689	bo202
u62524	bo2280
u169320	bo2442
u121303	bo2893
u13092	bo3784
u102073	bo815
u180580	bo815
u64444	bo815
u139522	bo815
u155876	bo1057
u31746	bo1101
u158631	bo203
u157783	bo203
u149504	bo203
u77654	bo203
u38846	bo203
u107044	bo203
u148762	bo203
u49188	bo203
u88590	bo203
u91923	bo203
u43495	bo203
u67877	bo203
u154431	bo203
u31681	bo2605
u66362	bo2605
u80144	bo3334
u169244	bo3334
u39949	bo4063
u102709	bo492
u103653	bo492
u17394	bo492
u30001	bo492
u12893	bo492
u76607	bo492
u154431	bo492
u39748	bo654
u89265	bo654
u150922	bo654
u130874	bo654
u108315	bo654
u44909	bo1391
u104897	bo1391
u77343	bo1391
u29378	bo1391
u81477	bo1391
u39356	bo655
u115307	bo655
u28525	bo655
u126215	bo655
u117342	bo655
u169297	bo655
u131926	bo1392
u86160	bo1392
u119547	bo1392
u137243	bo1392
u164414	bo1392
u115645	bo205
u94763	bo205
u1132	bo205
u29725	bo205
u7610	bo205
u19201	bo205
u149087	bo2607
u68896	bo4065
u128456	bo4065
u133786	bo4678
u115531	bo494
u27329	bo494
u62478	bo494
u39860	bo50
u114033	bo50
u126450	bo50
u56811	bo50
u155876	bo50
u25404	bo50
u172289	bo50
u129463	bo50
u129220	bo50
u46249	bo50
u110108	bo50
u163375	bo50
u124124	bo50
u118529	bo50
u9395	bo50
u176734	bo50
u154596	bo50
u183746	bo50
u90489	bo50
u177121	bo50
u29096	bo50
u42648	bo50
u66076	bo50
u58356	bo50
u169320	bo50
u22044	bo819
u179890	bo819
u4423	bo819
u29516	bo819
u57019	bo1556
u170672	bo1556
u61484	bo1556
u110107	bo1556
u28290	bo1718
u89362	bo1718
u66444	bo1718
u57252	bo2447
u102073	bo2447
u171658	bo2942
u40333	bo2942
u164892	bo2942
u8098	bo3176
u96767	bo52
u115531	bo52
u69062	bo52
u144134	bo52
u158912	bo52
u158868	bo52
u94626	bo52
u55008	bo52
u24997	bo52
u128185	bo52
u157129	bo52
u119340	bo52
u38846	bo52
u40918	bo52
u1701	bo52
u64075	bo52
u64848	bo52
u159979	bo52
u29367	bo52
u160104	bo52
u117342	bo52
u137523	bo52
u51112	bo52
u90519	bo52
u161566	bo52
u42771	bo52
u170588	bo540
u44564	bo540
u172559	bo540
u105749	bo540
u112523	bo540
u21693	bo540
u14105	bo540
u148773	bo540
u51126	bo540
u161061	bo540
u15309	bo658
u117414	bo658
u71537	bo702
u126261	bo702
u156774	bo991
u70277	bo991
u101262	bo991
u156083	bo1106
u58356	bo1106
u33259	bo1395
u45287	bo1395
u66591	bo1395
u95833	bo208
u113819	bo208
u70861	bo208
u142907	bo208
u40918	bo208
u67181	bo208
u66362	bo208
u153312	bo208
u62384	bo2330
u82010	bo2330
u136810	bo3339
u103597	bo497
u114343	bo497
u93314	bo497
u149479	bo497
u157839	bo497
u152949	bo497
u137523	bo497
u7053	bo497
u45287	bo53
u39511	bo53
u114458	bo53
u114033	bo53
u125810	bo53
u158814	bo53
u166151	bo53
u165376	bo53
u164943	bo53
u123239	bo53
u65750	bo53
u14805	bo53
u40479	bo53
u147810	bo53
u183746	bo53
u67877	bo53
u82781	bo53
u161143	bo53
u6193	bo53
u97924	bo53
u95377	bo541
u17958	bo541
u172528	bo541
u31560	bo541
u21547	bo541
u86564	bo541
u107121	bo541
u147879	bo541
u1383	bo541
u35726	bo541
u33370	bo659
u69823	bo659
u16808	bo659
u173169	bo659
u36400	bo659
u99232	bo659
u33998	bo1602
u96640	bo1602
u57515	bo1602
u179110	bo1602
u115033	bo380
u114033	bo380
u113819	bo380
u181538	bo380
u152717	bo380
u9395	bo380
u180169	bo380
u29378	bo380
u8310	bo380
u179890	bo993
u47729	bo993
u9513	bo993
u50157	bo993
u178971	bo1108
u168062	bo1603
u75225	bo2170
u39356	bo2288
u4423	bo2288
u93489	bo2332
u178971	bo2332
u75700	bo2945
u70861	bo3223
u6193	bo4565
u18153	bo543
u129964	bo543
u30001	bo543
u93314	bo543
u67385	bo543
u154046	bo543
u146741	bo1280
u174859	bo1442
u57168	bo382
u72543	bo382
u2741	bo382
u41282	bo382
u176610	bo382
u164892	bo382
u106091	bo382
u77654	bo4566
u33702	bo544
u126410	bo544
u180580	bo544
u37561	bo544
u139522	bo544
u84523	bo56
u33998	bo56
u84774	bo56
u127050	bo56
u18075	bo56
u18153	bo56
u69152	bo56
u72601	bo56
u126757	bo56
u28290	bo56
u17634	bo56
u78831	bo56
u31738	bo56
u16026	bo56
u112547	bo56
u128860	bo56
u62691	bo56
u80580	bo56
u65722	bo56
u107484	bo56
u152288	bo56
u106568	bo56
u1845	bo56
u13173	bo56
u52114	bo56
u13303	bo56
u99112	bo56
u177737	bo56
u75890	bo56
u34339	bo56
u42110	bo56
u17877	bo995
u105749	bo995
u29934	bo995
u166826	bo1281
u178057	bo3063
u84569	bo3225
u49816	bo383
u137664	bo383
u24952	bo4611
u131022	bo545
u170314	bo545
u155876	bo545
u61321	bo545
u162442	bo545
u38880	bo545
u76289	bo545
u52377	bo545
u11083	bo545
u52672	bo996
u5043	bo1895
u116781	bo1895
u74755	bo2786
u132172	bo4568
u23029	bo4568
u24177	bo58
u132999	bo58
u44950	bo58
u60519	bo58
u87835	bo58
u46155	bo58
u15590	bo58
u107647	bo58
u14805	bo58
u52672	bo58
u35190	bo58
u101106	bo58
u169600	bo58
u153714	bo58
u178020	bo58
u114552	bo997
u14105	bo997
u52222	bo997
u19510	bo997
u32321	bo2174
u72076	bo2336
u29934	bo2336
u32321	bo2831
u30428	bo2949
u55462	bo4569
u140576	bo4569
u113266	bo547
u172788	bo547
u179392	bo709
u166151	bo709
u136694	bo709
u146876	bo709
u27521	bo998
u73836	bo998
u126881	bo2175
u172834	bo2175
u18672	bo3228
u95833	bo3228
u60370	bo3561
u136797	bo3561
u54341	bo386
u110739	bo386
u107616	bo386
u118374	bo386
u90489	bo386
u29096	bo386
u177074	bo386
u130874	bo386
u121303	bo4290
u138296	bo4290
u68208	bo430
u157783	bo430
u104909	bo430
u110366	bo430
u107616	bo430
u174895	bo430
u140764	bo430
u37475	bo430
u51112	bo430
u145771	bo430
u145282	bo430
u39748	bo548
u126675	bo548
u86564	bo548
u161084	bo548
u86797	bo1447
u126675	bo1609
u172138	bo1780
u9096	bo1780
u144536	bo2789
u156343	bo3111
u102106	bo3111
u6977	bo2672
u15825	bo270
u163375	bo270
u35190	bo270
u99444	bo270
u75890	bo270
u154943	bo4003
u22991	bo432
u167486	bo432
u83675	bo432
u4922	bo432
u20579	bo432
u105571	bo432
u157697	bo432
u21289	bo432
u135226	bo432
u181789	bo432
u147239	bo432
u67385	bo432
u169620	bo432
u158349	bo883
u150943	bo1944
u137336	bo2673
u57168	bo271
u172834	bo271
u104880	bo271
u149431	bo271
u77343	bo271
u36350	bo271
u118152	bo271
u147203	bo271
u73769	bo271
u137437	bo3564
u177530	bo389
u42648	bo389
u66429	bo389
u57685	bo433
u170672	bo433
u156697	bo433
u158912	bo433
u129096	bo433
u111776	bo433
u65722	bo433
u109990	bo433
u59705	bo433
u116781	bo433
u145479	bo433
u58186	bo433
u131711	bo884
u98454	bo884
u170322	bo272
u170682	bo272
u179890	bo272
u155968	bo272
u133645	bo272
u149374	bo272
u62810	bo272
u21011	bo272
u80854	bo272
u163119	bo272
u107394	bo272
u148762	bo272
u88606	bo272
u90515	bo272
u161061	bo272
u10985	bo272
u13733	bo1171
u148041	bo1171
u176206	bo1333
u28848	bo2675
u60370	bo3728
u136797	bo3728
u76747	bo3728
u85334	bo4006
u124182	bo4619
u150358	bo886
u98891	bo886
u96328	bo274
u5043	bo274
u24284	bo274
u105571	bo274
u63472	bo274
u110929	bo274
u30668	bo274
u86287	bo274
u124093	bo274
u176610	bo274
u67037	bo274
u50395	bo274
u80580	bo3567
u170769	bo4340
u46677	bo436
u157839	bo436
u92754	bo436
u35208	bo436
u109990	bo436
u109514	bo436
u42608	bo436
u110494	bo887
u65722	bo887
u107121	bo887
u150358	bo887
u67181	bo887
u20579	bo1830
u148711	bo3117
u113971	bo3450
u24952	bo3450
u65980	bo3450
u146876	bo4459
u47334	bo770
u170099	bo1174
u103597	bo4180
u30713	bo438
u42771	bo438
u86613	bo1175
u170551	bo1337
u148563	bo1337
u108929	bo1337
u158349	bo1832
u181548	bo1832
u106629	bo1832
u106568	bo2110
u172769	bo2228
u11539	bo2228
u178057	bo2228
u89869	bo2723
u170672	bo321
u158912	bo321
u133702	bo321
u31959	bo321
u82171	bo321
u58387	bo321
u57515	bo4181
u84523	bo439
u156265	bo439
u72442	bo439
u166151	bo439
u163337	bo439
u42948	bo439
u128860	bo772
u197917	bo772
u35208	bo772
u146417	bo772
u132962	bo2067
u158154	bo2067
u69807	bo278
u39606	bo278
u158580	bo278
u107647	bo278
u103918	bo1221
u24284	bo1221
u76289	bo1221
u146843	bo1672
u6497	bo1672
u181701	bo2068
u130145	bo2068
u110366	bo3292
u83675	bo3454
u133284	bo3454
u24913	bo3454
u134684	bo774
u62691	bo774
u25993	bo774
u89392	bo774
u148711	bo774
u33702	bo1060
u123268	bo1060
u180909	bo1060
u118194	bo1060
u59755	bo1060
u165573	bo1178
u165178	bo1178
u153237	bo1178
u39356	bo162
u170304	bo162
u57436	bo162
u22230	bo162
u114343	bo162
u155327	bo162
u112756	bo162
u46315	bo162
u26557	bo162
u21224	bo162
u174477	bo162
u14220	bo162
u107044	bo162
u106640	bo162
u35523	bo162
u35969	bo162
u43501	bo162
u43411	bo162
u146417	bo162
u67877	bo162
u177558	bo162
u59211	bo162
u19026	bo162
u178105	bo162
u148529	bo1673
u92754	bo2069
u140738	bo2726
u121219	bo3293
u84722	bo775
u28352	bo775
u86807	bo775
u133265	bo775
u128183	bo1061
u149431	bo1061
u160429	bo1836
u115307	bo325
u94810	bo325
u142473	bo325
u165178	bo325
u15825	bo325
u162636	bo325
u64006	bo325
u76289	bo325
u29934	bo325
u137336	bo325
u73377	bo325
u116781	bo325
u97637	bo325
u13092	bo3500
u156270	bo820
u613	bo820
u158912	bo820
u110469	bo820
u151632	bo820
u163337	bo820
u64444	bo820
u26584	bo938
u156270	bo164
u72543	bo164
u5043	bo164
u93314	bo164
u53701	bo164
u77654	bo164
u13303	bo164
u117342	bo164
u67037	bo164
u101262	bo164
u169979	bo164
u7053	bo164
u42239	bo164
u169244	bo164
u88740	bo3501
u72332	bo3619
u102467	bo3619
u57146	bo3790
u55462	bo821
u14207	bo821
u49502	bo821
u88099	bo821
u99591	bo821
u43501	bo821
u114343	bo165
u23300	bo165
u166518	bo165
u104228	bo165
u14207	bo165
u76289	bo165
u121303	bo165
u138296	bo165
u81949	bo165
u74178	bo165
u24997	bo1676
u79612	bo1676
u170099	bo327
u72332	bo327
u4423	bo327
u31560	bo327
u119910	bo327
u65417	bo327
u107121	bo327
u50864	bo327
u6328	bo660
u101519	bo778
u167709	bo778
u111776	bo778
u104228	bo778
u107484	bo778
u84829	bo822
u167555	bo822
u4422	bo822
u77343	bo822
u74820	bo1064
u18153	bo210
u170174	bo210
u83248	bo210
u143583	bo210
u143615	bo210
u113971	bo210
u129096	bo210
u142436	bo210
u110991	bo210
u88722	bo210
u88099	bo210
u137437	bo210
u146598	bo210
u66427	bo210
u52939	bo3954
u4202	bo4070
u112768	bo4070
u127694	bo2000
u44564	bo2000
u61630	bo2000
u67037	bo2000
u97980	bo3298
u179890	bo824
u135944	bo824
u67181	bo824
u102857	bo1561
u70688	bo1561
u110107	bo1561
u64127	bo1561
u169600	bo1561
u147879	bo2119
u179045	bo3794
u157035	bo663
u136852	bo663
u57146	bo169
u115531	bo169
u127111	bo169
u170682	bo169
u57210	bo169
u95377	bo169
u86807	bo169
u70079	bo169
u94453	bo169
u166038	bo169
u63606	bo169
u157783	bo169
u21051	bo169
u123608	bo169
u140764	bo169
u77654	bo169
u148762	bo169
u9832	bo169
u1145	bo169
u91923	bo169
u51112	bo169
u67707	bo169
u42289	bo169
u39949	bo2453
u157741	bo4073
u171665	bo664
u15590	bo664
u38285	bo664
u8858	bo664
u88610	bo664
u151149	bo664
u11539	bo664
u177074	bo664
u158868	bo826
u100945	bo826
u75573	bo826
